ULTIMAS_0044.jpg;2;2
ULTIMAS_0023.jpg;0;2
ULTIMAS_0052.jpg;2;2
ULTIMAS_0011.jpg;0;1
ULTIMAS_0016.jpg;0;2
ULTIMAS_0020.jpg;0;2
ULTIMAS_0053.jpg;2;2
ULTIMAS_0056.jpg;2;2
ULTIMAS_0033.jpg;1;1
ULTIMAS_0019.jpg;0;2
ULTIMAS_0009.jpg;0;2
ULTIMAS_0046.jpg;2;1
ULTIMAS_0031.jpg;1;2
ULTIMAS_0036.jpg;1;2
ULTIMAS_0030.jpg;1;2
ULTIMAS_0042.jpg;1;1
ULTIMAS_0003.jpg;0;2
ULTIMAS_0021.jpg;0;2
ULTIMAS_0048.jpg;2;2
ULTIMAS_0004.jpg;0;2
ULTIMAS_0029.jpg;1;2
ULTIMAS_0010.jpg;0;2
ULTIMAS_0039.jpg;1;1
ULTIMAS_0022.jpg;0;2
ULTIMAS_0057.jpg;2;2
ULTIMAS_0024.jpg;0;2
ULTIMAS_0000.jpg;0;2
ULTIMAS_0049.jpg;2;2
ULTIMAS_0025.jpg;0;2
ULTIMAS_0050.jpg;2;2
ULTIMAS_0018.jpg;0;1
ULTIMAS_0028.jpg;1;2
ULTIMAS_0038.jpg;1;2
ULTIMAS_0026.jpg;1;2
ULTIMAS_0012.jpg;0;1
ULTIMAS_0035.jpg;1;2
ULTIMAS_0041.jpg;1;2
ULTIMAS_0032.jpg;1;1
ULTIMAS_0051.jpg;2;2
ULTIMAS_0013.jpg;0;2
ULTIMAS_0045.jpg;2;2
ULTIMAS_0055.jpg;2;2
ULTIMAS_0002.jpg;0;2
ULTIMAS_0027.jpg;1;1
ULTIMAS_0037.jpg;1;2
ULTIMAS_0005.jpg;0;2
ULTIMAS_0034.jpg;1;2
ULTIMAS_0043.jpg;2;2
ULTIMAS_0006.jpg;0;2
ULTIMAS_0054.jpg;2;2
